{
  "IDLELEFT": {
    "Frame0": [ 1.0, 17.0, 17.0, 1.0],
    "Frame1": [ 55.0, 17.0,71.0, 1.0],
    "Frame2": [ 37.0, 17.0, 53.0, 1.0 ],
    "Frame3": [ 19.0, 17.0, 35.0, 1.0],
    "NumFrames": 4,
    "Repeating": true,
    "SecsPerFrame": 0.20000001192092896
  },
  "IDLERIGHT": {
    "Frame0": [ 1.0, 53.0,17.0, 37.0 ],
    "Frame1": [ 19.0, 53.0, 35.0, 37.0 ],
    "Frame2": [  37.0, 53.0, 53.0, 37.0 ],
    "Frame3": [ 55.0, 53.0, 71.0, 37.0],
    "NumFrames": 4,
    "Repeating": true,
    "SecsPerFrame": 0.20000001192092896
  },
  "JUMPLEFT": {
    "Frame0": [ 55.0, 89.0,71.0, 73.0 ],
    "Frame1": [ 91.0, 17.0,107.0, 1.0  ],
    "Frame2": [  73.0, 89.0,89.0, 73.0],
    "NumFrames": 3,
    "Repeating": false,
    "SecsPerFrame": 0.07000000029802322
  },
  "JUMPRIGHT": {
    "Frame0": [  73.0, 53.0, 89.0, 37.0],
    "Frame1": [ 1.0, 71.0, 17.0, 55.0 ],
    "Frame2": [19.0, 71.0, 35.0, 55.0],
    "NumFrames": 3,
    "Repeating": false,
    "SecsPerFrame": 0.07000000029802322
  },
  "RUNLEFT": {
    "Frame0": [ 1.0, 35.0, 17.0, 19.0],
    "Frame1": [ 73.0, 17.0, 89.0, 1.0  ],
    "Frame2": [ 73.0, 35.0, 89.0, 19.0  ],
    "Frame3": [ 55.0, 35.0, 71.0, 19.0 ],
    "Frame4": [  37.0, 35.0, 53.0, 19.0 ],
    "Frame5": [  19.0, 35.0, 35.0, 19.0 ],
    "NumFrames": 6,
    "Repeating": true,
    "SecsPerFrame": 0.07000000029802322
  },
  "RUNRIGHT": {
    "Frame0": [ 37.0, 71.0, 53.0, 55.0  ],
    "Frame1": [  55.0, 71.0,71.0, 55.0],
    "Frame2": [  73.0, 71.0,89.0, 55.0],
    "Frame3": [ 1.0, 89.0,17.0, 73.0 ],
    "Frame4": [ 19.0, 89.0, 35.0, 73.0  ],
    "Frame5": [ 37.0, 89.0, 53.0, 73.0 ],
    "NumFrames": 6,
    "Repeating": true,
    "SecsPerFrame": 0.07000000029802322
  }
}