{"IDLELEFT":{"Frame0":[17.0,1.0,1.0,17.0],"Frame1":[71.0,1.0,55.0,17.0],"Frame2":[53.0,1.0,37.0,17.0],"Frame3":[35.0,1.0,19.0,17.0],"NumFrames":4,"Repeating":true,"SecsPerFrame":0.30000001192092896},"IDLERIGHT":{"Frame0":[17.0,37.0,1.0,53.0],"Frame1":[35.0,37.0,19.0,53.0],"Frame2":[53.0,37.0,37.0,53.0],"Frame3":[71.0,37.0,55.0,53.0],"Frame4":[0.0,0.0,0.0,0.0],"NumFrames":5,"Repeating":true,"SecsPerFrame":0.30000001192092896},"JUMPLEFT":{"Frame0":[71.0,73.0,55.0,89.0],"Frame1":[107.0,1.0,91.0,17.0],"Frame2":[89.0,73.0,73.0,89.0],"NumFrames":3,"Repeating":true,"SecsPerFrame":0.07000000029802322},"JUMPRIGHT":{"Frame0":[89.0,37.0,73.0,53.0],"Frame1":[17.0,55.0,1.0,71.0],"Frame2":[35.0,55.0,19.0,71.0],"NumFrames":3,"Repeating":true,"SecsPerFrame":0.07000000029802322},"RUNLEFT":{"Frame0":[17.0,19.0,1.0,35.0],"Frame1":[89.0,1.0,73.0,17.0],"Frame2":[89.0,19.0,73.0,35.0],"Frame3":[71.0,19.0,55.0,35.0],"Frame4":[53.0,19.0,37.0,35.0],"Frame5":[35.0,19.0,19.0,35.0],"NumFrames":6,"Repeating":true,"SecsPerFrame":0.07000000029802322},"RUNRIGHT":{"Frame0":[53.0,55.0,37.0,71.0],"Frame1":[71.0,55.0,55.0,71.0],"Frame2":[89.0,55.0,73.0,71.0],"Frame3":[17.0,73.0,1.0,89.0],"Frame4":[35.0,73.0,19.0,89.0],"Frame5":[53.0,73.0,37.0,89.0],"NumFrames":6,"Repeating":true,"SecsPerFrame":0.07000000029802322}}